accuracy,precision_micro,precision_macro,recall_micro,recall_macro,f1_micro,f1_macro
0.9714115544967242,0.9714115544967242,0.9727290328721582,0.9714115544967242,0.9790958049886621,0.9714115544967242,0.9758649644402174
