accuracy,precision_micro,precision_macro,recall_micro,recall_macro,f1_micro,f1_macro
0.97736748064324,0.97736748064324,0.9838988615294227,0.97736748064324,0.9783924533252276,0.97736748064324,0.9811118679761313
