accuracy,precision_micro,precision_macro,recall_micro,recall_macro,f1_micro,f1_macro
0.9779630732578916,0.9779630732578916,0.9845022982216775,0.9779630732578916,0.9815516216092585,0.9779630732578916,0.9829862117861491
